{
  "ac": [
    {
      "confirmed": true,
      "confirming": false,
      "telegram_id": 1498084060,
      "mw_username": "A_Chinese_user",
      "confirmed_time": 1655032870.382114,
      "restricted_until": 0,
      "whitelist_reason": "",
      "refused": false
    },
    {
      "confirmed": true,
      "confirming": false,
      "telegram_id": 1590343457,
      "mw_username": "曦莹",
      "confirmed_time": 1655031513.578858,
      "restricted_until": 0,
      "whitelist_reason": "",
      "refused": false
    },
    {
      "confirmed": true,
      "confirming": false,
      "telegram_id": 1946827705,
      "mw_username": "SIridiuM28",
      "confirmed_time": 1655031514.578858,
      "restricted_until": 0,
      "whitelist_reason": "",
      "refused": false
    },
    {
      "confirmed": true,
      "confirming": false,
      "telegram_id": 5023641616,
      "mw_username": "水餃喵",
      "confirmed_time": 1655031515.578858,
      "restricted_until": 0,
      "whitelist_reason": "",
      "refused": false
    },
    {
      "confirmed": true,
      "confirming": false,
      "telegram_id": 5024816770,
      "mw_username": "泠风寒声",
      "confirmed_time": 1655033890.9251041,
      "restricted_until": 0,
      "whitelist_reason": "",
      "refused": false
    },
    {
      "confirmed": true,
      "confirming": false,
      "telegram_id": 5359936980,
      "mw_username": "As Real As Real Name",
      "confirmed_time": 1655040699.537921,
      "restricted_until": 0,
      "whitelist_reason": "",
      "refused": false
    },
    {
      "confirmed": true,
      "confirming": false,
      "telegram_id": 1363966652,
      "mw_username": "Hehua",
      "confirmed_time": 1655040699.537921,
      "restricted_until": 0,
      "whitelist_reason": "",
      "refused": false
    },
    {
      "confirmed": true,
      "confirming": false,
      "telegram_id": 5132731530,
      "mw_username": "滑稽金苹果",
      "confirmed_time": 1655042455.267879,
      "restricted_until": 0,
      "whitelist_reason": "",
      "refused": false
    },
    {
      "confirmed": true,
      "confirming": false,
      "telegram_id": 801373372,
      "mw_username": "魔琴",
      "confirmed_time": 1655052455.267879,
      "restricted_until": 0,
      "whitelist_reason": "",
      "refused": false
    },
    {
      "confirmed": true,
      "confirming": false,
      "telegram_id": 631406758,
      "mw_username": "EricLiu1912",
      "confirmed_time": 1655152455.267879,
      "restricted_until": 0,
      "whitelist_reason": "",
      "refused": false
    },
    {
      "confirmed": true,
      "confirming": false,
      "telegram_id": 1039329614,
      "mw_username": "Newbamboo",
      "confirmed_time": 1655252455.267879,
      "restricted_until": 0,
      "whitelist_reason": "",
      "refused": false
    },
    {
      "confirmed": true,
      "confirming": false,
      "telegram_id": 1629784824,
      "mw_username": "YFdyh000",
      "confirmed_time": 1655352455.267879,
      "restricted_until": 0,
      "whitelist_reason": "",
      "refused": false
    },
    {
      "confirmed": true,
      "confirming": false,
      "telegram_id": 1316601221,
      "mw_username": "和平奮鬥救地球",
      "confirmed_time": 1655092455.267879,
      "restricted_until": 0,
      "whitelist_reason": "",
      "refused": false
    },
    {
      "confirmed": true,
      "confirming": false,
      "telegram_id": 2032155503,
      "mw_username": "Nishino Asuka",
      "confirmed_time": 1655092555.267879,
      "restricted_until": 0,
      "whitelist_reason": "",
      "refused": false
    },
    {
      "confirmed": true,
      "confirming": false,
      "telegram_id": 1996984427,
      "mw_username": "一只星步甲",
      "confirmed_time": 1655092655.267879,
      "restricted_until": 0,
      "whitelist_reason": "",
      "refused": false
    },
    {
      "confirmed": true,
      "confirming": false,
      "telegram_id": 1576423844,
      "mw_username": "BureibuNeko",
      "confirmed_time": 1655100055.267879,
      "restricted_until": 0,
      "whitelist_reason": "",
      "refused": false
    },
    {
      "confirmed": true,
      "confirming": false,
      "telegram_id": 310499903,
      "mw_username": "中文维基百科20021024",
      "confirmed_time": 1655110055.267879,
      "restricted_until": 0,
      "whitelist_reason": "",
      "refused": false
    },
    {
      "confirmed": true,
      "confirming": false,
      "telegram_id": 768983089,
      "mw_username": "SickManWP",
      "confirmed_time": 1655110055.267879,
      "restricted_until": 0,
      "whitelist_reason": "",
      "refused": false
    },
    {
      "confirmed": true,
      "confirming": false,
      "telegram_id": 940759050,
      "mw_username": "Ghrenghren",
      "confirmed_time": 1655110055.267879,
      "restricted_until": 0,
      "whitelist_reason": "",
      "refused": false
    },
    {
      "confirmed": true,
      "confirming": false,
      "telegram_id": 1989947693,
      "mw_username": "Jonathan5566",
      "confirmed_time": 1655110055.267879,
      "restricted_until": 0,
      "whitelist_reason": "",
      "refused": false
    },
    {
      "confirmed": true,
      "confirming": false,
      "telegram_id": 548202643,
      "mw_username": "人人生來平等",
      "confirmed_time": 1655110055.267879,
      "restricted_until": 0,
      "whitelist_reason": "",
      "refused": false
    },
    {
      "confirmed": true,
      "confirming": false,
      "telegram_id": 252175916,
      "mw_username": "Stang",
      "confirmed_time": 1655110055.267879,
      "restricted_until": 0,
      "whitelist_reason": "",
      "refused": false
    },
    {
      "confirmed": true,
      "confirming": false,
      "telegram_id": 2119329304,
      "mw_username": "Ib",
      "confirmed_time": 1655113253.9612749,
      "restricted_until": 0,
      "whitelist_reason": "",
      "refused": false
    },
    {
      "confirmed": false,
      "confirming": false,
      "telegram_id": 5303262774,
      "mw_username": "",
      "confirmed_time": 0,
      "restricted_until": 0,
      "whitelist_reason": "",
      "refused": false
    },
    {
      "confirmed": true,
      "confirming": false,
      "telegram_id": 1281063951,
      "mw_username": "30000lightyears",
      "confirmed_time": 0,
      "restricted_until": 0,
      "whitelist_reason": "",
      "refused": false
    },
    {
      "confirmed": false,
      "confirming": false,
      "telegram_id": 5594432920,
      "mw_username": "爨龘龘",
      "confirmed_time": 1655214420.354215,
      "restricted_until": 0,
      "whitelist_reason": "",
      "refused": false
    },
    {
      "confirmed": true,
      "confirming": false,
      "telegram_id": 1576423844,
      "mw_username": "BureibuNeko",
      "confirmed_time": 1655224420.354215,
      "restricted_until": 0,
      "whitelist_reason": "",
      "refused": false
    },
    {
      "confirmed": false,
      "confirming": false,
      "telegram_id": 5429665321,
      "mw_username": "EieChan0831",
      "confirmed_time": 1661422566.3965776,
      "restricted_until": 0,
      "whitelist_reason": "",
      "refused": false
    },
    {
      "confirmed": false,
      "confirming": false,
      "telegram_id": 5100108721,
      "mw_username": "",
      "confirmed_time": 0,
      "restricted_until": 0,
      "whitelist_reason": "",
      "refused": false
    },
    {
      "confirmed": true,
      "confirming": false,
      "telegram_id": 2079742318,
      "mw_username": "LiCaoZ",
      "confirmed_time": 1661424680.099524,
      "restricted_until": 0,
      "whitelist_reason": "",
      "refused": false
    },
    {
      "confirmed": false,
      "confirming": false,
      "telegram_id": 5533263194,
      "mw_username": "",
      "confirmed_time": 0,
      "restricted_until": 0,
      "whitelist_reason": "",
      "refused": false
    },
    {
      "confirmed": false,
      "confirming": false,
      "telegram_id": 2020350770,
      "mw_username": "",
      "confirmed_time": 0,
      "restricted_until": 0,
      "whitelist_reason": "",
      "refused": false
    },
    {
      "confirmed": true,
      "confirming": false,
      "telegram_id": 886882835,
      "mw_username": "Hamish",
      "confirmed_time": 1662367559.3470385,
      "restricted_until": 0,
      "whitelist_reason": "",
      "refused": false
    },
    {
      "confirmed": false,
      "confirming": false,
      "telegram_id": 5382528397,
      "mw_username": "",
      "confirmed_time": 0,
      "restricted_until": 0,
      "whitelist_reason": "",
      "refused": false
    },
    {
      "confirmed": false,
      "confirming": false,
      "telegram_id": 5063589019,
      "mw_username": "",
      "confirmed_time": 0,
      "restricted_until": 0,
      "whitelist_reason": "",
      "refused": false
    },
    {
      "confirmed": false,
      "confirming": false,
      "telegram_id": 1462445553,
      "mw_username": "",
      "confirmed_time": 0,
      "restricted_until": 0,
      "whitelist_reason": "",
      "refused": false
    },
    {
      "confirmed": true,
      "confirming": false,
      "telegram_id": 1516462693,
      "mw_username": "碳酸酸",
      "confirmed_time": 1663504484,
      "restricted_until": 0,
      "whitelist_reason": "",
      "refused": false
    },
    {
      "confirmed": false,
      "confirming": false,
      "telegram_id": 1052703278,
      "mw_username": "",
      "confirmed_time": 0,
      "restricted_until": 0,
      "whitelist_reason": "",
      "refused": false
    },
    {
      "confirmed": false,
      "confirming": false,
      "telegram_id": 5585545064,
      "mw_username": "",
      "confirmed_time": 0,
      "restricted_until": 0,
      "whitelist_reason": "",
      "refused": false
    },
    {
      "confirmed": false,
      "confirming": false,
      "telegram_id": 1785209048,
      "mw_username": "",
      "confirmed_time": 0,
      "restricted_until": 0,
      "whitelist_reason": "",
      "refused": false
    },
    {
      "confirmed": true,
      "confirming": false,
      "telegram_id": 402242810,
      "mw_username": "Kethyga",
      "confirmed_time": 1663651860.9014568,
      "restricted_until": 0,
      "whitelist_reason": "",
      "refused": false
    },
    {
      "confirmed": true,
      "confirming": false,
      "telegram_id": 5241990224,
      "mw_username": "爨龘龘",
      "confirmed_time": 1663742055.3340306,
      "restricted_until": 0,
      "whitelist_reason": "",
      "refused": false
    },
    {
      "confirmed": true,
      "confirming": false,
      "telegram_id": 1808373417,
      "mw_username": "ATannedBurger",
      "confirmed_time": 1664011045.0760088,
      "restricted_until": 0,
      "whitelist_reason": "",
      "refused": false
    },
    {
      "confirmed": true,
      "confirming": false,
      "telegram_id": 1374050378,
      "mw_username": "Sidishandsome",
      "confirmed_time": 1664113333.1861436,
      "restricted_until": 0,
      "whitelist_reason": "",
      "refused": false
    },
    {
      "confirmed": true,
      "confirming": false,
      "telegram_id": 1367863233,
      "mw_username": "Arronwan",
      "confirmed_time": 1665037707.2263126,
      "restricted_until": 0,
      "whitelist_reason": "",
      "refused": false
    },
    {
      "confirmed": true,
      "confirming": false,
      "telegram_id": 1092335157,
      "mw_username": "沙盒梦想",
      "confirmed_time": 1665215374.560677,
      "restricted_until": 0,
      "whitelist_reason": "",
      "refused": false
    },
    {
      "confirmed": false,
      "confirming": false,
      "telegram_id": 5630729069,
      "mw_username": "",
      "confirmed_time": 0,
      "restricted_until": 0,
      "whitelist_reason": "",
      "refused": false
    },
    {
      "confirmed": true,
      "confirming": false,
      "telegram_id": 170786150,
      "mw_username": "卡達",
      "confirmed_time": 1665557927.1122003,
      "restricted_until": 0,
      "whitelist_reason": "",
      "refused": false
    },
    {
      "confirmed": true,
      "confirming": false,
      "telegram_id": 816698619,
      "mw_username": "SCP-2000",
      "confirmed_time": 1665744182.178854,
      "restricted_until": 0,
      "whitelist_reason": "",
      "refused": false
    },
    {
      "confirmed": true,
      "confirming": false,
      "telegram_id": 1702219391,
      "mw_username": "葉又嘉",
      "confirmed_time": 1665791744.9053257,
      "restricted_until": 0,
      "whitelist_reason": "",
      "refused": false
    },
    {
      "confirmed": false,
      "confirming": false,
      "telegram_id": 5667542095,
      "mw_username": "",
      "confirmed_time": 0,
      "restricted_until": 0,
      "whitelist_reason": "",
      "refused": false
    },
    {
      "confirmed": true,
      "confirming": false,
      "telegram_id": 5763421220,
      "mw_username": "ManunChan",
      "confirmed_time": 1665801789.384817,
      "restricted_until": 0,
      "whitelist_reason": "",
      "refused": false
    },
    {
      "confirmed": true,
      "confirming": false,
      "telegram_id": 1034893755,
      "mw_username": "Daredemodaisuki_114514",
      "confirmed_time": 1666279334.1167765,
      "restricted_until": 0,
      "whitelist_reason": "",
      "refused": false
    },
    {
      "confirmed": true,
      "confirming": false,
      "telegram_id": 5472171775,
      "mw_username": "Talimu0518",
      "confirmed_time": 1666313661.4822178,
      "restricted_until": 0,
      "whitelist_reason": "",
      "refused": false
    },
    {
      "confirmed": true,
      "confirming": false,
      "telegram_id": 5578191865,
      "mw_username": "P1imo",
      "confirmed_time": 1666446140.3748488,
      "restricted_until": 0,
      "whitelist_reason": "",
      "refused": false
    },
    {
      "confirmed": false,
      "confirming": false,
      "telegram_id": 364248923,
      "mw_username": "",
      "confirmed_time": 0,
      "restricted_until": 0,
      "whitelist_reason": "",
      "refused": false
    },
    {
      "confirmed": false,
      "confirming": false,
      "telegram_id": 1939742378,
      "mw_username": "",
      "confirmed_time": 0,
      "restricted_until": 0,
      "whitelist_reason": "",
      "refused": false
    },
    {
      "confirmed": false,
      "confirming": false,
      "telegram_id": 1959667985,
      "mw_username": "",
      "confirmed_time": 0,
      "restricted_until": 0,
      "whitelist_reason": "",
      "refused": false
    },
    {
      "confirmed": false,
      "confirming": false,
      "telegram_id": 959077116,
      "mw_username": "",
      "confirmed_time": 0,
      "restricted_until": 0,
      "whitelist_reason": "",
      "refused": false
    },
    {
      "confirmed": false,
      "confirming": false,
      "telegram_id": 5514921795,
      "mw_username": "",
      "confirmed_time": 0,
      "restricted_until": 0,
      "whitelist_reason": "",
      "refused": false
    },
    {
      "confirmed": false,
      "confirming": false,
      "telegram_id": 778860739,
      "mw_username": "",
      "confirmed_time": 0,
      "restricted_until": 0,
      "whitelist_reason": "",
      "refused": false
    },
    {
      "confirmed": true,
      "confirming": false,
      "telegram_id": 5513181226,
      "mw_username": "EieChan0831",
      "confirmed_time": 1667390987.3779562,
      "restricted_until": 0,
      "whitelist_reason": "",
      "refused": false
    },
    {
      "confirmed": true,
      "confirming": false,
      "telegram_id": 1274092338,
      "mw_username": "XtexChooser",
      "confirmed_time": 1668320640.8637269,
      "restricted_until": 0,
      "whitelist_reason": "",
      "refused": false
    }
  ],
  "last_welcome": 43106
}